Workbook

Sheet advertising_Dataset
A1: Row | B1: TV | C1: Radio | D1: Newspaper | E1: Sales | F1: TV-Standard | G1: Radio_Standard | H1: Newspaper_Standard | I1: Residuals | J1: Predicted Sales | K1: Coefficients Newspaper | L1: Coefficients Radio | M1: Coefficients TV | N1: Intercept | P1: هزینه ها به دلار در نظر گرفته شده است
A2: 1 | B2: 230.1 | C2: 37.8 | D2: 69.2 | E2: 22.1 | F2: =(B2-AVERAGE($B$2:$B$201))/_xlfn.STDEV.S($B$2:$B$201) -> 0.9674246 | G2: =(C2-AVERAGE($C$2:$C$201))/_xlfn.STDEV.S($C$2:$C$201) -> 0.97833523 | H2: =(D2-AVERAGE($D$2:$D$201))/_xlfn.STDEV.S($D$2:$D$201) -> 1.7744925 | I2: =$E2-$J2 -> 1.39085 | J2: =$N$2 + $M$2*B2 + $L$2*C2 - $K$2*D2 -> 20.70915 | K2: {=LINEST(E2:E201, B2:D201, TRUE, TRUE)} -> -0.0013436041 | L2: 0.18815191 | M2: 0.045866458 | N2: 2.9501583
A3: 2 | B3: 44.5 | C3: 39.3 | D3: 45.1 | E3: 10.4 | F3: =(B3-AVERAGE($B$2:$B$201))/_xlfn.STDEV.S($B$2:$B$201) -> -1.194379 | G3: =(C3-AVERAGE($C$2:$C$201))/_xlfn.STDEV.S($C$2:$C$201) -> 1.0789939 | H3: =(D3-AVERAGE($D$2:$D$201))/_xlfn.STDEV.S($D$2:$D$201) -> 0.66790272 | I3: =$E3-$J3 -> -2.0461823 | J3: =$N$2 + $M$2*B3 + $L$2*C3 - $K$2*D3 -> 12.446182 | K3: 0.0058583568 | L3: 0.0085595344 | M3: 0.0013907568 | N3: 0.31074517
A4: 3 | B4: 17.2 | C4: 45.9 | D4: 69.3 | E4: 9.3 | F4: =(B4-AVERAGE($B$2:$B$201))/_xlfn.STDEV.S($B$2:$B$201) -> -1.5123599 | G4: =(C4-AVERAGE($C$2:$C$201))/_xlfn.STDEV.S($C$2:$C$201) -> 1.5218921 | H4: =(D4-AVERAGE($D$2:$D$201))/_xlfn.STDEV.S($D$2:$D$201) -> 1.7790842 | I4: =$E4-$J4 -> -3.1683458 | J4: =$N$2 + $M$2*B4 + $L$2*C4 - $K$2*D4 -> 12.468346 | K4: 0.89779539 | L4: 1.6807093 | M4: #N/A | N4: #N/A
A5: 4 | B5: 151.5 | C5: 41.3 | D5: 58.5 | E5: 18.5 | F5: =(B5-AVERAGE($B$2:$B$201))/_xlfn.STDEV.S($B$2:$B$201) -> 0.051919395 | G5: =(C5-AVERAGE($C$2:$C$201))/_xlfn.STDEV.S($C$2:$C$201) -> 1.2132055 | H5: =(D5-AVERAGE($D$2:$D$201))/_xlfn.STDEV.S($D$2:$D$201) -> 1.283185 | I5: =$E5-$J5 -> 0.75179853 | J5: =$N$2 + $M$2*B5 + $L$2*C5 - $K$2*D5 -> 17.748201 | K5: 573.90722 | L5: 196 | M5: #N/A | N5: #N/A
A6: 5 | B6: 180.8 | C6: 10.8 | D6: 58.4 | E6: 12.9 | F6: =(B6-AVERAGE($B$2:$B$201))/_xlfn.STDEV.S($B$2:$B$201) -> 0.39319551 | G6: =(C6-AVERAGE($C$2:$C$201))/_xlfn.STDEV.S($C$2:$C$201) -> -0.83352095 | H6: =(D6-AVERAGE($D$2:$D$201))/_xlfn.STDEV.S($D$2:$D$201) -> 1.2785934 | I6: =$E6-$J6 -> -0.45332103 | J6: =$N$2 + $M$2*B6 + $L$2*C6 - $K$2*D6 -> 13.353321 | K6: 4863.4912 | L6: 553.65759 | M6: #N/A | N6: #N/A
A7: 6 | B7: 8.7 | C7: 48.9 | D7: 75 | E7: 7.2 | F7: =(B7-AVERAGE($B$2:$B$201))/_xlfn.STDEV.S($B$2:$B$201) -> -1.6113649 | G7: =(C7-AVERAGE($C$2:$C$201))/_xlfn.STDEV.S($C$2:$C$201) -> 1.7232094 | H7: =(D7-AVERAGE($D$2:$D$201))/_xlfn.STDEV.S($D$2:$D$201) -> 2.0408088 | I7: =$E7-$J7 -> -5.4505952 | J7: =$N$2 + $M$2*B7 + $L$2*C7 - $K$2*D7 -> 12.650595 | K7: Sales=2.9502+0.0459(TV)+0.1882(Radio)−0.0013(Newspaper)
A8: 7 | B8: 57.5 | C8: 32.8 | D8: 23.5 | E8: 11.8 | F8: =(B8-AVERAGE($B$2:$B$201))/_xlfn.STDEV.S($B$2:$B$201) -> -1.0429596 | G8: =(C8-AVERAGE($C$2:$C$201))/_xlfn.STDEV.S($C$2:$C$201) -> 0.64280631 | H8: =(D8-AVERAGE($D$2:$D$201))/_xlfn.STDEV.S($D$2:$D$201) -> -0.32389562 | I8: =$E8-$J8 -> 0.0095630001 | J8: =$N$2 + $M$2*B8 + $L$2*C8 - $K$2*D8 -> 11.790437
A9: 8 | B9: 120.2 | C9: 19.6 | D9: 11.6 | E9: 13.2 | F9: =(B9-AVERAGE($B$2:$B$201))/_xlfn.STDEV.S($B$2:$B$201) -> -0.31265202 | G9: =(C9-AVERAGE($C$2:$C$201))/_xlfn.STDEV.S($C$2:$C$201) -> -0.24299005 | H9: =(D9-AVERAGE($D$2:$D$201))/_xlfn.STDEV.S($D$2:$D$201) -> -0.87030304 | I9: =$E9-$J9 -> 1.0333302 | J9: =$N$2 + $M$2*B9 + $L$2*C9 - $K$2*D9 -> 12.16667
A10: 9 | B10: 8.6 | C10: 2.1 | D10: 1 | E10: 4.8 | F10: =(B10-AVERAGE($B$2:$B$201))/_xlfn.STDEV.S($B$2:$B$201) -> -1.6125296 | G10: =(C10-AVERAGE($C$2:$C$201))/_xlfn.STDEV.S($C$2:$C$201) -> -1.4173413 | H10: =(D10-AVERAGE($D$2:$D$201))/_xlfn.STDEV.S($D$2:$D$201) -> -1.3570189 | I10: =$E10-$J10 -> 1.0589276 | J10: =$N$2 + $M$2*B10 + $L$2*C10 - $K$2*D10 -> 3.7410724
A11: 10 | B11: 199.8 | C11: 2.6 | D11: 21.2 | E11: 10.6 | F11: =(B11-AVERAGE($B$2:$B$201))/_xlfn.STDEV.S($B$2:$B$201) -> 0.61450084 | G11: =(C11-AVERAGE($C$2:$C$201))/_xlfn.STDEV.S($C$2:$C$201) -> -1.3837884 | H11: =(D11-AVERAGE($D$2:$D$201))/_xlfn.STDEV.S($D$2:$D$201) -> -0.42950378 | I11: =$E11-$J11 -> -2.031956 | J11: =$N$2 + $M$2*B11 + $L$2*C11 - $K$2*D11 -> 12.631956
A12: 11 | B12: 66.1 | C12: 5.8 | D12: 24.2 | E12: 8.6 | F12: =(B12-AVERAGE($B$2:$B$201))/_xlfn.STDEV.S($B$2:$B$201) -> -0.94278982 | G12: =(C12-AVERAGE($C$2:$C$201))/_xlfn.STDEV.S($C$2:$C$201) -> -1.1690499 | H12: =(D12-AVERAGE($D$2:$D$201))/_xlfn.STDEV.S($D$2:$D$201) -> -0.29175401 | I12: =$E12-$J12 -> 1.4942726 | J12: =$N$2 + $M$2*B12 + $L$2*C12 - $K$2*D12 -> 7.1057274
A13: 12 | B13: 214.7 | C13: 24 | D13: 4 | E13: 17.4 | F13: =(B13-AVERAGE($B$2:$B$201))/_xlfn.STDEV.S($B$2:$B$201) -> 0.7880508 | G13: =(C13-AVERAGE($C$2:$C$201))/_xlfn.STDEV.S($C$2:$C$201) -> 0.052275406 | H13: =(D13-AVERAGE($D$2:$D$201))/_xlfn.STDEV.S($D$2:$D$201) -> -1.2192691 | I13: =$E13-$J13 -> 0.081292865 | J13: =$N$2 + $M$2*B13 + $L$2*C13 - $K$2*D13 -> 17.318707
A14: 13 | B14: 23.8 | C14: 35.1 | D14: 65.9 | E14: 9.2 | F14: =(B14-AVERAGE($B$2:$B$201))/_xlfn.STDEV.S($B$2:$B$201) -> -1.4354854 | G14: =(C14-AVERAGE($C$2:$C$201))/_xlfn.STDEV.S($C$2:$C$201) -> 0.79714962 | H14: =(D14-AVERAGE($D$2:$D$201))/_xlfn.STDEV.S($D$2:$D$201) -> 1.6229678 | I14: =$E14-$J14 -> -1.5344556 | J14: =$N$2 + $M$2*B14 + $L$2*C14 - $K$2*D14 -> 10.734456
A15: 14 | B15: 97.5 | C15: 7.6 | D15: 7.2 | E15: 9.7 | F15: =(B15-AVERAGE($B$2:$B$201))/_xlfn.STDEV.S($B$2:$B$201) -> -0.57705364 | G15: =(C15-AVERAGE($C$2:$C$201))/_xlfn.STDEV.S($C$2:$C$201) -> -1.0482595 | H15: =(D15-AVERAGE($D$2:$D$201))/_xlfn.STDEV.S($D$2:$D$201) -> -1.072336 | I15: =$E15-$J15 -> 0.83823359 | J15: =$N$2 + $M$2*B15 + $L$2*C15 - $K$2*D15 -> 8.8617664
A16: 15 | B16: 204.1 | C16: 32.9 | D16: 46 | E16: 19 | F16: =(B16-AVERAGE($B$2:$B$201))/_xlfn.STDEV.S($B$2:$B$201) -> 0.66458573 | G16: =(C16-AVERAGE($C$2:$C$201))/_xlfn.STDEV.S($C$2:$C$201) -> 0.64951689 | H16: =(D16-AVERAGE($D$2:$D$201))/_xlfn.STDEV.S($D$2:$D$201) -> 0.70922765 | I16: =$E16-$J16 -> 0.43649394 | J16: =$N$2 + $M$2*B16 + $L$2*C16 - $K$2*D16 -> 18.563506
A17: 16 | B17: 195.4 | C17: 47.7 | D17: 52.9 | E17: 22.4 | F17: =(B17-AVERAGE($B$2:$B$201))/_xlfn.STDEV.S($B$2:$B$201) -> 0.56325118 | G17: =(C17-AVERAGE($C$2:$C$201))/_xlfn.STDEV.S($C$2:$C$201) -> 1.6426825 | H17: =(D17-AVERAGE($D$2:$D$201))/_xlfn.STDEV.S($D$2:$D$201) -> 1.0260521 | I17: =$E17-$J17 -> 1.441613 | J17: =$N$2 + $M$2*B17 + $L$2*C17 - $K$2*D17 -> 20.958387
A18: 17 | B18: 67.8 | C18: 36.6 | D18: 114 | E18: 12.5 | F18: =(B18-AVERAGE($B$2:$B$201))/_xlfn.STDEV.S($B$2:$B$201) -> -0.92298882 | G18: =(C18-AVERAGE($C$2:$C$201))/_xlfn.STDEV.S($C$2:$C$201) -> 0.89780829 | H18: =(D18-AVERAGE($D$2:$D$201))/_xlfn.STDEV.S($D$2:$D$201) -> 3.8315558 | I18: =$E18-$J18 -> -0.59943496 | J18: =$N$2 + $M$2*B18 + $L$2*C18 - $K$2*D18 -> 13.099435
A19: 18 | B19: 281.4 | C19: 39.6 | D19: 55.8 | E19: 24.4 | F19: =(B19-AVERAGE($B$2:$B$201))/_xlfn.STDEV.S($B$2:$B$201) -> 1.564949 | G19: =(C19-AVERAGE($C$2:$C$201))/_xlfn.STDEV.S($C$2:$C$201) -> 1.0991256 | H19: =(D19-AVERAGE($D$2:$D$201))/_xlfn.STDEV.S($D$2:$D$201) -> 1.1592102 | I19: =$E19-$J19 -> 1.0172316 | J19: =$N$2 + $M$2*B19 + $L$2*C19 - $K$2*D19 -> 23.382768
... A200: 199 | B200: 283.6 | C200: 42 | D200: 66.2 | E200: 25.5 | F200: =(B200-AVERAGE($B$2:$B$201))/_xlfn.STDEV.S($B$2:$B$201) -> 1.5905738 | G200: =(C200-AVERAGE($C$2:$C$201))/_xlfn.STDEV.S($C$2:$C$201) -> 1.2601795 | H200: =(D200-AVERAGE($D$2:$D$201))/_xlfn.STDEV.S($D$2:$D$201) -> 1.6367428 | I200: =$E200-$J200 -> 1.5507873 | J200: =$N$2 + $M$2*B200 + $L$2*C200 - $K$2*D200 -> 23.949213
A201: 200 | B201: 232.1 | C201: =COUNTBLANK(C2:C200) -> 0 | D201: 8.7 | E201: 13.4 | F201: =(B201-AVERAGE($B$2:$B$201))/_xlfn.STDEV.S($B$2:$B$201) -> 0.9907199 | G201: =(C201-AVERAGE($C$2:$C$201))/_xlfn.STDEV.S($C$2:$C$201) -> -1.5582634 | H201: =(D201-AVERAGE($D$2:$D$201))/_xlfn.STDEV.S($D$2:$D$201) -> -1.0034612 | I201: =$E201-$J201 -> -0.20745257 | J201: =$N$2 + $M$2*B201 + $L$2*C201 - $K$2*D201 -> 13.607453
B202: =COUNT(B2:B201) -> 200 | C202: =COUNT(C2:C201) -> 200 | D202: =COUNT(D2:D201) -> 200 | E202: =COUNT(E2:E201) -> 200
B203: =COUNTBLANK(B2:B201) -> 0 | C203: =COUNTBLANK(C2:C201) -> 0 | D203: =COUNTBLANK(D2:D201) -> 0 | E203: =COUNTBLANK(E2:E201) -> 0

Sheet Descriptive Analysis
A1: Row | B1: TV | C1: Radio | D1: Newspaper | E1: Sales
A2: Mean | B2: =AVERAGE(advertising_Dataset!B$2:B$201) -> 147.0425 | C2: =AVERAGE(advertising_Dataset!C$2:C$201) -> 23.221 | D2: =AVERAGE(advertising_Dataset!D$2:D$201) -> 30.554 | E2: =AVERAGE(advertising_Dataset!E$2:E$201) -> 14.0225
A3: Median | B3: =MEDIAN(advertising_Dataset!B$2:B$201) -> 149.75 | C3: =MEDIAN(advertising_Dataset!C$2:C$201) -> 22.9 | D3: =MEDIAN(advertising_Dataset!D$2:D$201) -> 25.75 | E3: =MEDIAN(advertising_Dataset!E$2:E$201) -> 12.9
A4: Mode | B4: =_xlfn.MODE.SNGL(advertising_Dataset!B$2:B$201) -> 17.2 | C4: =_xlfn.MODE.SNGL(advertising_Dataset!C$2:C$201) -> 4.1 | D4: =_xlfn.MODE.SNGL(advertising_Dataset!D$2:D$201) -> 9.3 | E4: =_xlfn.MODE.SNGL(advertising_Dataset!E$2:E$201) -> 9.7
A5: Variance | B5: =_xlfn.VAR.S(advertising_Dataset!B$2:B$201) -> 7370.9499 | C5: =_xlfn.VAR.S(advertising_Dataset!C$2:C$201) -> 222.06498 | D5: =_xlfn.VAR.S(advertising_Dataset!D$2:D$201) -> 474.30833 | E5: =_xlfn.VAR.S(advertising_Dataset!E$2:E$201) -> 27.221853
A6: Standard Deviation | B6: =_xlfn.STDEV.S(advertising_Dataset!B$2:B$201) -> 85.854236 | C6: =_xlfn.STDEV.S(advertising_Dataset!C$2:C$201) -> 14.901845 | D6: =_xlfn.STDEV.S(advertising_Dataset!D$2:D$201) -> 21.778621 | E6: =_xlfn.STDEV.S(advertising_Dataset!E$2:E$201) -> 5.2174566
A7: Range | B7: =MAX(advertising_Dataset!B$2:B$201)-MIN(advertising_Dataset!B$2:B$201) -> 295.7 | C7: =MAX(advertising_Dataset!C$2:C$201)-MIN(advertising_Dataset!C$2:C$201) -> 49.6 | D7: =MAX(advertising_Dataset!D$2:D$201)-MIN(advertising_Dataset!D$2:D$201) -> 113.7 | E7: =MAX(advertising_Dataset!E$2:E$201)-MIN(advertising_Dataset!E$2:E$201) -> 25.4
A8: Minimum | B8: =MIN(advertising_Dataset!B$2:B$201) -> 0.7 | C8: =MIN(advertising_Dataset!C$2:C$201) -> 0 | D8: =MIN(advertising_Dataset!D$2:D$201) -> 0.3 | E8: =MIN(advertising_Dataset!E$2:E$201) -> 1.6
A9: Maximum | B9: =MAX(advertising_Dataset!B$2:B$201) -> 296.4 | C9: =MAX(advertising_Dataset!C$2:C$201) -> 49.6 | D9: =MAX(advertising_Dataset!D$2:D$201) -> 114 | E9: =MAX(advertising_Dataset!E$2:E$201) -> 27
A13: Row | B13: General situation | D13: Variable type
A14: TV | B14: پرهزینه و بسیار متغیر | D14: پیوسته/مستقل
A15: Radio | B15: کم‌هزینه‌تر و متعادل‌تر | D15: پیوسته/مستقل
A16: Newspaper | B16: نامنظم | D16: پیوسته/مستقل
A17: Sales | B17: متمرکزتر و با نوسان متوسط | D17: پیوسته/وابسته
A21: Row | B21: TV | C21: Radio | D21: Newspaper | E21: Sales
A22: count | B22: =advertising_Dataset!B202 -> 200 | C22: =advertising_Dataset!C202 -> 200 | D22: =advertising_Dataset!D202 -> 200 | E22: =advertising_Dataset!E202 -> 200
A23: Missing Values | B23: =advertising_Dataset!B203 -> 0 | C23: =advertising_Dataset!C203 -> 0 | D23: =advertising_Dataset!D203 -> 0 | E23: =advertising_Dataset!E203 -> 0
A26: Indicators | B26: Q1 | C26: Q3 | D26: IQR | E26: Lower Bound | F26: Upper Bound
A27: TV | B27: =_xlfn.QUARTILE.INC(advertising_Dataset!$B2:$B$201,1) -> 74.375 | C27: =_xlfn.QUARTILE.INC(advertising_Dataset!$B2:$B$201,3) -> 218.825 | D27: =C27-B27 -> 144.45 | E27: =C27-(1.5*D27) -> 2.15 | F27: =B27+(1.5*D27) -> 291.05
A28: Radio | B28: =_xlfn.QUARTILE.INC(advertising_Dataset!$C$3:$C$202,1) -> 9.975 | C28: =_xlfn.QUARTILE.INC(advertising_Dataset!$C$3:$C$202,3) -> 36.525 | D28: =C28-B28 -> 26.55 | E28: =C28-(1.5*D28) -> -3.3 | F28: =B28+(1.5*D28) -> 49.8
A29: Newspaper | B29: =_xlfn.QUARTILE.INC(advertising_Dataset!$D$4:$D$203,1) -> 12.55 | C29: =_xlfn.QUARTILE.INC(advertising_Dataset!$D$4:$D$203,3) -> 44.5 | D29: =C29-B29 -> 31.95 | E29: =C29-(1.5*D29) -> -3.425 | F29: =B29+(1.5*D29) -> 60.475
A30: Sales | B30: =_xlfn.QUARTILE.INC(advertising_Dataset!$E$5:$E$204,1) -> 10.35 | C30: =_xlfn.QUARTILE.INC(advertising_Dataset!$E$5:$E$204,3) -> 17.4 | D30: =C30-B30 -> 7.05 | E30: =C30-(1.5*D30) -> 6.825 | F30: =B30+(1.5*D30) -> 20.925
A32: Number of outliers | B32: count
A33: TV | B33: =COUNTIF(advertising_Dataset!B$2:B$201,"<"&$E27)+COUNTIF(advertising_Dataset!B$2:B$201,">"&$F27) -> 4
A34: Radio | B34: =COUNTIF(advertising_Dataset!C$2:C$201,"<"&$E28)+COUNTIF(advertising_Dataset!C$2:C$201,">"&$F28) -> 0
A35: Newspaper | B35: =COUNTIF(advertising_Dataset!D$2:D$201,"<"&$E29)+COUNTIF(advertising_Dataset!D$2:D$201,">"&$F29) -> 18
A36: Sales | B36: =COUNTIF(advertising_Dataset!E$2:E$201,"<"&$E30)+COUNTIF(advertising_Dataset!E$2:E$201,">"&$F30) -> 36

Sheet Matrix analyst and Dimens
A1: Row | B1: TV | C1: Radio | D1: Newspaper | F1: Row | G1: TV | H1: Radio | I1: Newspaper
A2: TV | B2: =_xlfn.COVARIANCE.S(advertising_Dataset!B2:B201,advertising_Dataset!B2:B201) -> 7370.9499 | C2: =_xlfn.COVARIANCE.S(advertising_Dataset!B2:B201,advertising_Dataset!C2:C201) -> 66.186641 | D2: =_xlfn.COVARIANCE.S(advertising_Dataset!B2:B201,advertising_Dataset!D2:D201) -> 105.91945 | F2: TV | G2: a-λ | H2: b | I2: c
A3: Radio | B3: =_xlfn.COVARIANCE.S(advertising_Dataset!C2:C201,advertising_Dataset!B2:B201) -> 66.186641 | C3: =_xlfn.COVARIANCE.S(advertising_Dataset!C2:C201,advertising_Dataset!C2:C201) -> 222.06498 | D3: =_xlfn.COVARIANCE.S(advertising_Dataset!C2:C201,advertising_Dataset!D2:D201) -> 115.44142 | F3: Radio | G3: d | H3: e-λ | I3: f
A4: Newspaper | B4: =_xlfn.COVARIANCE.S(advertising_Dataset!D2:D201,advertising_Dataset!B2:B201) -> 105.91945 | C4: =_xlfn.COVARIANCE.S(advertising_Dataset!D2:D201,advertising_Dataset!C2:C201) -> 115.44142 | D4: =_xlfn.COVARIANCE.S(advertising_Dataset!D2:D201,advertising_Dataset!D2:D201) -> 474.30833 | F4: Newspaper | G4: g | H4: h | I4: i-λ
F5: ∣A∣=a(ei−fh)−b(di−fg)+c(dh−eg)
A6: Row | B6: Pc1 | C6: Pc2 | D6: Pc3
A7: TV | B7: -0.999829 | C7: -0.018071 | D7: 0.003806 | F7: Row | G7: TV | H7: Radio | I7: Newspaper
A8: Radio | B8: -0.010014 | C8: 0.357362 | D8: -0.933912 | F8: TV | G8: −2.343477 | H8: b | I8: c
A9: Newspaper | B9: -0.015516 | C9: 0.933791 | D9: 0.357482 | F9: Radio | G9: d | H9: −7152.865677 | I9: f
F10: Newspaper | G10: g | H10: h | I10: −6898.984077​
A11: main component | B11: Explained Variance Ratio | C11: Cumulative Variance | D11: main component | E11: special amount | F11: (Σ−λ 1 I)v=0
A12: Pc1 | B12: 0.9142 | C12: 0.9142 | D12: Pc1 | E12: 7373.2934 | F12: Row | G12: TV | H12: Radio | I12: Newspaper
A13: Pc2 | B13: 0.064 | C13: 0.9781 | D13: Pc2 | E13: 516.07663 | F13: TV | G13: (−0.999829)^2 | H13: b | I13: c
A14: Pc3 | B14: 0.0219 | C14: 1 | D14: Pc3 | E14: 176.31596 | F14: Radio | G14: d | H14: (−0.010014)^2 | I14: f
A15: در این حالت (بالا) ماتریس کوواریانس بدون استاندارد سازی | F15: Newspaper | G15: g | H15: h | I15: (−0.015516)^2
F16: λ1​≈7373.29 | G16: λ2​≈476 | H16: λ3​≈216
A19: در حالت استانداردسازی به شرح زیر است | F19: Coeff Newspaper | G19: Coeff Radio | H19: Coeff TV | I19: Intercept
A20: Row | B20: TV | C20: Radio | D20: Newspaper | F20: -0.0013436041 | G20: 0.18815191 | H20: 0.045866458 | I20: 2.9501583
A21: TV | B21: =CORREL(advertising_Dataset!F2:F201,advertising_Dataset!F2:F201) -> 1 | C21: =CORREL(advertising_Dataset!F2:F201,advertising_Dataset!G2:G201) -> 0.051733108 | D21: =CORREL(advertising_Dataset!F2:F201,advertising_Dataset!H2:H201) -> 0.056647875 | F21: 0.0058583568 | G21: 0.0085595344 | H21: 0.0013907568 | I21: 0.31074517
A22: Radio | B22: =CORREL(advertising_Dataset!G2:G201,advertising_Dataset!F2:F201) -> 0.051733108 | C22: =CORREL(advertising_Dataset!G2:G201,advertising_Dataset!G2:G201) -> 1 | D22: =CORREL(advertising_Dataset!G2:G201,advertising_Dataset!H2:H201) -> 0.35570605 | F22: 0.89779539 | G22: 1.6807093 | H22: 0 | I22: 0
A23: Newspaper | B23: =CORREL(advertising_Dataset!H2:H201,advertising_Dataset!F2:F201) -> 0.056647875 | C23: =CORREL(advertising_Dataset!H2:H201,advertising_Dataset!G2:G201) -> 0.35570605 | D23: =CORREL(advertising_Dataset!H2:H201,advertising_Dataset!H2:H201) -> 1 | F23: 573.90722 | G23: 196 | H23: 0 | I23: 0
F24: 4863.4912 | G24: 553.65759 | H24: 0 | I24: 0
A25: main component | B25: Explained Variance Ratio | C25: Cumulative Variance | D25: main component | E25: Eigenvalues
A26: Pc1 | B26: 0.457 | C26: 0.457 | D26: Pc1 | E26: 1.370853
A27: Pc2 | B27: 0.3278 | C27: 0.7847 | D27: Pc2 | E27: 0.983256
A28: Pc3 | B28: 0.2153 | C28: 1 | D28: Pc3 | E28: 0.645891
D29: مجموع | E29: =SUM(E26:E28) -> 3
A30: Main component | B30: Explained Variance Ratio SVD | C30: Cumulative Variance SVD
A31: Pc1 | B31: =E26/$E$29 -> 0.456951 | C31: =B26 -> 0.457
A32: Pc2 | B32: =E27/$E$29 -> 0.327752 | C32: =C26+B27 -> 0.7848 | F32: pc1 , pc2 | G32: =B26+B27 -> 0.7848
A33: Pc3 | B33: =E28/$E$29 -> 0.215297 | C33: =C27+B28 -> 1 | F33: Df=(n-1) | G33: =200-1 -> 199

Sheet Predicted Sales
A1: Indicators | B1: TV | C1: Radio | D1: Newspaper | E1: Sales | F1: SUMMARY OUTPUT
A2: TV | B2: 1 | C2: 0.051733108 | D2: 0.056647875 | E2: =CORREL(advertising_Dataset!B2:B201,advertising_Dataset!E2:E201) -> 0.78222442
A3: Radio | B3: 0.051733108 | C3: 1 | D3: 0.35570605 | E3: =CORREL(advertising_Dataset!C2:C201,advertising_Dataset!E2:E201) -> 0.57444046 | F3: Regression Statistics
A4: Newspaper | B4: 0.056647875 | C4: 0.35570605 | D4: 1 | E4: =CORREL(advertising_Dataset!C2:C201,advertising_Dataset!E2:E201) -> 0.57444046 | F4: Multiple R | G4: 0.94752065
A5: Sales | B5: =CORREL(advertising_Dataset!$E$2:$E$201,advertising_Dataset!B$2:B$201) -> 0.78222442 | C5: =CORREL(advertising_Dataset!$E$2:$E$201,advertising_Dataset!C$2:C$201) -> 0.57444046 | D5: =CORREL(advertising_Dataset!$E$2:$E$201,advertising_Dataset!D$2:D$201) -> 0.22829903 | E5: =CORREL(advertising_Dataset!$E$2:$E$201,advertising_Dataset!$E$2:$E$201) -> 1 | F5: R Square | G5: 0.89779539
F6: Adjusted R Square | G6: 0.89623103
A7: Standard Error | B7: 1.6807093
A8: Observations | B8: 200
A10: ANOVA
B11: df | C11: SS | D11: MS | E11: F | F11: Significance F
A12: Regression | B12: 3 | C12: 4863.4912 | D12: 1621.1637 | E12: 573.90722 | F12: 9.0088942e-97
A13: Residual | B13: 196 | C13: 553.65759 | D13: 2.8247836
A14: Total | B14: 199 | C14: 5417.1487
B16: Coefficients | C16: Standard Error | D16: t Stat | E16: P-value | F16: Lower 95% | G16: Upper 95% | H16: Lower 95.0% | I16: Upper 95.0%
A17: Intercept | B17: 2.9501583 | C17: 0.31074517 | D17: 9.4938186 | E17: 7.9241167e-18 | F17: 2.3373249 | G17: 3.5629916 | H17: 2.3373249 | I17: 3.5629916
A18: TV | B18: 0.045866458 | C18: 0.0013907568 | D18: 32.979496 | E18: 6.3718e-82 | F18: 0.043123689 | G18: 0.048609227 | H18: 0.043123689 | I18: 0.048609227
A19: Radio | B19: 0.18815191 | C19: 0.0085595344 | D19: 21.981559 | E19: 8.5965705e-55 | F19: 0.1712713 | G19: 0.20503252 | H19: 0.1712713 | I19: 0.20503252
A20: Newspaper | B20: -0.0013436041 | C20: 0.0058583568 | D20: -0.22934829 | E20: 0.81883737 | F20: -0.012897111 | G20: 0.010209903 | H20: -0.012897111 | I20: 0.010209903
A24: RESIDUAL OUTPUT
A26: Observation | B26: Predicted Sales | C26: Residuals
A27: 1 | B27: 20.523195 | C27: 1.5768048
A28: 2 | B28: 12.324989 | C28: -1.9249892
A29: 3 | B29: 12.282122 | C29: -2.9821223
A30: 4 | B30: 17.591 | C30: 0.90900021
A31: 5 | B31: 13.196388 | C31: -0.29638807
A32: 6 | B32: 12.449055 | C32: -5.2490546
A33: 7 | B33: 11.727288 | C33: 0.072712393
A34: 8 | B34: 12.135498 | C34: 1.0645018
A35: 9 | B35: 3.7383852 | C35: 1.0616148
A36: 10 | B36: 12.574987 | C36: -1.9749872
A37: 11 | B37: 7.040697 | C37: 1.559303
A38: 12 | B38: 17.307958 | C38: 0.092041698
... A226: 200 | B226: 13.584074 | C226: -0.18407386
